주소,CCTV 설치 여부,CCTV 설치 개수,위도,경도
대구광역시 남구 대명남로 140,Y,5,35.83497147,128.5737033
대구광역시 남구 대명로 100,Y,5,35.83886877,128.5688886
대구광역시 남구 대명로 110,Y,1,35.838824,128.568797
대구광역시 남구 대명로 250,Y,5,35.84196926,128.5841748
대구광역시 남구 대명로 49길 9-5(대명동),Y,3,35.84228388,128.5824945
대구광역시 남구 대명서 2길 45(대명동),Y,4,35.83199279,128.5626801
대구광역시 남구 대명서로 28(대명동),Y,11,35.8304316,128.561677
대구광역시 남구 대명서로 47-2(대명동),Y,1,35.8307903,128.560361
대구광역시 남구 대봉로 26길 33(이천동),Y,8,35.85166437,128.6048051
대구광역시 남구 대봉로30길 36-8(이천동),N,0,35.8517054,128.605141
대구광역시 남구 대봉로30길 40(이천동),Y,1,35.852175,128.605318
대구광역시 남구 대봉로30길36-8,Y,1,35.85170781,128.6051265
대구광역시 남구 대봉로30길40,Y,1,35.85214855,128.605307
대구광역시 남구 두류공원로 13길 27-5(대명동),Y,7,35.84257212,128.569401
대구광역시 남구 두류공원로 64(대명동),Y,1,35.84301506,128.5712945
대구광역시 남구 명덕로 20길 24(대명동),Y,5,35.85645873,128.5793986
대구광역시 남구 삼정2길 36,Y,4,35.83858034,128.5948414
대구광역시 남구 성당로 30길 55(대명동),Y,15,35.84515216,128.5708254
대구광역시 남구 성당로 50길 34,Y,1,35.854925,128.5759928
대구광역시 남구 성당로50길 33(대명동),Y,10,35.85594776,128.575077
대구광역시 남구 안지랑로 17길 91,Y,1,35.836934,128.566393
대구광역시 남구 앞산순환로 467,Y,3,35.83248149,128.5760583
대구광역시 남구 앞산순환로 707,Y,6,35.83464799,128.6010893
대구광역시 남구 앞산순환로 93길 33,Y,7,35.83304211,128.5739489
대구광역시 남구 양지로 3길 59-3(대명동),Y,1,35.853726,128.575339
대구광역시 남구 영선길96(이천동),Y,9,35.85290101,128.5960142
대구광역시 남구 이천로 28길 42-33(이천동),Y,4,35.85359762,128.6000087
대구광역시 남구 자유 5길 16(대명동),Y,3,35.83750833,128.5840424
대구광역시 남구 장전 1길 92,Y,5,35.84023286,128.5760702
대구광역시 남구 장전 3길 132(대명동),Y,4,35.84234083,128.5781777
대구광역시 남구 중앙대로 126,Y,2,35.84435136,128.5910004
대구광역시 남구 중앙대로 40길 10,Y,1,35.849994,128.591251
대구광역시 남구 중앙대로 40길 10-1,Y,2,35.84992534,128.5912659
대구광역시 남구 중앙대로47길 55,Y,11,35.85355805,128.5864853
대구광역시 남구 큰골4길 41,Y,8,35.8343637,128.5819826
대구광역시 남구 현충동길 74(대명동),Y,9,35.84427387,128.5813642
대구광역시 남구 현충로 39길 74(대명동),Y,5,35.85011603,128.5769832
대구광역시 남구 현충로48길 31-8,Y,2,35.85321709,128.5854639
대구광역시 남구 현충로48길 32(대명2동),Y,1,35.852973,128.585315
대구광역시 남구 효동2길 16,Y,2,35.83768718,128.600747
대구광역시 남구 효동길 14-4,Y,9,35.83962775,128.5996262
대구광역시 남구 효동길 85,Y,1,35.836393,128.601056
대구광역시 남구 효동길 91,Y,5,35.83634242,128.6010992
대구광역시 남구 효성로 37(봉덕동),Y,1,35.83641018,128.596817
대구광역시 남구 효성로 71(봉덕동),Y,10,35.83968058,128.5968435
대구광역시 남구 희망로 5길 19(이천동),Y,4,35.84884861,128.600145
대구광역시 달서구 감삼길 99,N,0,35.849975,128.543323
대구광역시 달서구 감삼남2길 108,Y,2,35.845336,128.5424081
대구광역시 달서구 감삼남길 144,Y,1,35.84950978,128.5447406
대구광역시 달서구 감삼남길 49,Y,2,35.848037,128.539862
대구광역시 달서구 계대동문로 99,Y,2,35.85566195,128.5041217
대구광역시 달서구 계대동문로3길 41,Y,1,35.8576522,128.4940425
대구광역시 달서구 계대동문로3길 46,Y,10,35.85799273,128.4947454
대구광역시 달서구 구마로12길 39,Y,1,35.83539805,128.5340399
대구광역시 달서구 구마로12길 60,Y,4,35.83526704,128.5330982
대구광역시 달서구 구마로36길 20,Y,1,35.83583035,128.546119
대구광역시 달서구 구마로39길 83-16(성당동),Y,1,35.84121589,128.5470859
대구광역시 달서구 달구벌대로 1337,Y,1,35.85117931,128.5136534
대구광역시 달서구 달구벌대로 1339,Y,4,35.85196007,128.5144445
대구광역시 달서구 달구벌대로 1429-11,Y,7,35.85035905,128.5232345
대구광역시 달서구 달구벌대로 1429-3,Y,1,35.84975763,128.5235084
대구광역시 달서구 달구벌대로283길 26,Y,2,35.851754,128.522796
대구광역시 달서구 달구벌대로291길 47-13,Y,1,35.85074485,128.5244781
대구광역시 달서구 달구벌대로291길 49,Y,1,35.85091363,128.5250438
대구광역시 달서구 달구벌대로291길 71-23,Y,1,35.85181168,128.5237323
대구광역시 달서구 달구벌대로301길 134(용산동),Y,1,35.8557332,128.5317519
대구광역시 달서구 달구벌대로301길 58,Y,2,35.852352,128.532154
대구광역시 달서구 달구벌대로304길 112,Y,6,35.84478358,128.5317635
대구광역시 달서구 달구벌대로304길 60,Y,1,35.846991,128.532084
대구광역시 달서구 달서대로 109안길 74(호산동),Y,1,35.84995724,128.4823923
대구광역시 달서구 달서대로 27,Y,1,35.81200047,128.5131679
대구광역시 달서구 달서대로 39,Y,3,35.81257233,128.5118585
대구광역시 달서구 달서대로109길 116,Y,7,35.84907047,128.4790049
대구광역시 달서구 달서대로109안길 76,Y,3,35.850563,128.481504
대구광역시 달서구 당산동길 101(성당동),Y,1,35.84526662,128.5501974
대구광역시 달서구 당산로 12,Y,2,35.8385119,128.545108
대구광역시 달서구 당산로 123,Y,4,35.84917929,128.5451437
대구광역시 달서구 당산로 137,Y,1,35.84946572,128.5465006
대구광역시 달서구 당산로21안길 49,Y,2,35.84509751,128.5438504
대구광역시 달서구 당산로24길 104(성당동),Y,1,35.8461474,128.5507509
대구광역시 달서구 당산로30길 42-7,Y,2,35.84727082,128.5514561
대구광역시 달서구 당산로45길 95,N,0,35.85541593,128.5422125
대구광역시 달서구 대명천로 101,Y,2,35.83903418,128.5471926
대구광역시 달서구 대명천로 118,Y,4,35.840575,128.5472918
대구광역시 달서구 대명천로18길 26(성당동),N,0,35.84035844,128.5510464
대구광역시 달서구 대명천로21길 10,Y,2,35.83899694,128.5492889
대구광역시 달서구 대명천로43길 66,Y,7,35.83856708,128.534496
대구광역시 달서구 대명천로8길 10,Y,2,35.83923761,128.5558724
대구광역시 달서구 도원남로 100-30,Y,3,35.80470809,128.5421312
대구광역시 달서구 도원남로 18,Y,1,35.80571999,128.5313732
대구광역시 달서구 도원남로 19,Y,4,35.805964,128.532385
대구광역시 달서구 도원남로 40,Y,1,35.80265713,128.5345206
대구광역시 달서구 도원남로 5,Y,1,35.80632816,128.5325413
대구광역시 달서구 도원남로 54,Y,2,35.803976,128.534881
대구광역시 달서구 도원남로 60,Y,4,35.8032986,128.5357486
대구광역시 달서구 도원로 42,Y,2,35.806008,128.535245
대구광역시 달서구 도원로 48-1,Y,1,35.80540498,128.5353212
대구광역시 달서구 두류공원로 255-1,Y,1,35.8562615,128.5582834
대구광역시 달서구 두류공원로 257,Y,7,35.85636292,128.5563394
대구광역시 달서구 두류공원로49길 55,Y,1,35.85440498,128.5563012
대구광역시 달서구 두류공원로49길 9,Y,1,35.85557517,128.5583243
대구광역시 달서구 두류남3길 77,Y,1,35.85406739,128.5724837
대구광역시 달서구 명덕로 22,Y,1,35.86044331,128.5736258
대구광역시 달서구 명덕로 22-9,Y,7,35.86063812,128.5723818
대구광역시 달서구 명덕로 30,Y,1,35.85999934,128.5741098
대구광역시 달서구 명덕로2길 10,Y,1,35.86142533,128.5718281
대구광역시 달서구 명덕로2길 87,Y,1,35.85815248,128.5706752
대구광역시 달서구 명천로 10-4,Y,1,35.80849069,128.512552
대구광역시 달서구 명천로 8,Y,1,35.8085596,128.5126478
대구광역시 달서구 문화회관2길 47,Y,1,35.847606,128.5194035
대구광역시 달서구 비슬로 2728-16,Y,2,35.80876662,128.5148179
대구광역시 달서구 비슬로538길 7,Y,2,35.80770731,128.5096029
대구광역시 달서구 비슬로540길 14,Y,1,35.80742397,128.5099244
대구광역시 달서구 상원로3길 19-5,Y,2,35.81100598,128.535343
대구광역시 달서구 상인로 40,Y,4,35.812186,128.549266
대구광역시 달서구 상인로26길 20,Y,5,35.817717,128.545945
대구광역시 달서구 상인로9길 20,Y,1,35.8111352,128.5477974
대구광역시 달서구 상인서로 60,Y,2,35.81635648,128.543274
대구광역시 달서구 상인서로 76,Y,2,35.81651836,128.5425764
대구광역시 달서구 상화로 141,Y,1,35.80997552,128.5290558
대구광역시 달서구 상화로 70,Y,6,35.806641,128.521775
대구광역시 달서구 상화로 88-11,Y,1,35.80642874,128.5239313
대구광역시 달서구 상화로51길 14,Y,2,35.80939794,128.5425184
대구광역시 달서구 상화로5길 33,Y,1,35.81061631,128.5185478
대구광역시 달서구 상화로9길 102-10,N,0,35.81250737,128.5210278
대구광역시 달서구 상화로9길 102-10(진천동),Y,1,35.812517,128.5210552
대구광역시 달서구 상화로9길 15,Y,2,35.80895586,128.5193703
대구광역시 달서구 상화로9길 50,Y,1,35.81032123,128.520084
대구광역시 달서구 상화로9길 65,Y,6,35.811293,128.519578
대구광역시 달서구 상화로9길 86,Y,1,35.81188792,128.5204594
대구광역시 달서구 상화북로 7,Y,3,35.80997304,128.527573
대구광역시 달서구 상화북로5길 26,Y,1,35.8115913,128.5285132
대구광역시 달서구 새동네로 27,Y,3,35.85329034,128.5187149
대구광역시 달서구 새방로 62,Y,1,35.86341822,128.5243182
대구광역시 달서구 서당로 14,Y,7,35.85329967,128.496288
대구광역시 달서구 서당로 15,Y,1,35.85301381,128.4953865
대구광역시 달서구 서당로 19,Y,1,35.85348258,128.4953673
대구광역시 달서구 서당로 3,Y,1,35.85198642,128.4953579
대구광역시 달서구 서당로 47,Y,1,35.85602404,128.4954385
대구광역시 달서구 서당로 70,Y,1,35.85800444,128.4960487
대구광역시 달서구 서당로 71,Y,1,35.85814133,128.4956399
대구광역시 달서구 서당로 78,Y,1,35.85868948,128.4960419
대구광역시 달서구 서당로12길 50,Y,1,35.85761578,128.496312
대구광역시 달서구 서당로12길 6,Y,1,35.85646344,128.4959837
대구광역시 달서구 서당로3길 14,Y,1,35.85332314,128.4946909
대구광역시 달서구 서당로7길 93,Y,2,35.85425496,128.4938553
대구광역시 달서구 선원남로 120,Y,3,35.856821,128.5137305
대구광역시 달서구 선원남로 127,Y,3,35.858054,128.5135152
대구광역시 달서구 선원남로 173,Y,5,35.857883,128.5189179
대구광역시 달서구 선원남로 22,Y,2,35.85706992,128.5018556
대구광역시 달서구 선원남로 77,N,0,35.85755161,128.5094541
대구광역시 달서구 선원남로 90,Y,1,35.85709888,128.5099383
대구광역시 달서구 선원남로77 (한샘타운내 211동),N,0,35.85755244,128.5094488
대구광역시 달서구 선원로 20,Y,1,35.85901189,128.494361
대구광역시 달서구 선원로 241,Y,2,35.86028508,128.517148
대구광역시 달서구 선원로14길 10,Y,2,35.85859122,128.4990642
대구광역시 달서구 선원로23북길 16-10,N,0,35.86111393,128.5046831
대구광역시 달서구 선원로33길 105,Y,2,35.86108777,128.5155249
대구광역시 달서구 선원로33길 106(이곡동),Y,1,35.86104626,128.5142598
대구광역시 달서구 선원로37남길 13,Y,2,35.859553,128.513359
대구광역시 달서구 선원로53길 34-10,Y,2,35.8601533,128.5223971
대구광역시 달서구 선원로55길 11-8,Y,3,35.85948655,128.5226867
대구광역시 달서구 선원로57길 17,Y,2,35.86008631,128.5236318
대구광역시 달서구 성당동 701-4,Y,1,35.846264,128.546463
대구광역시 달서구 성당로45길 20,Y,2,35.85309681,128.57232
대구광역시 달서구 성당로45길 21,Y,1,35.85238112,128.5726487
대구광역시 달서구 성당로47길 35,Y,6,35.85332922,128.5722902
대구광역시 달서구 성서공단로 11길 98-2 (신당동),Y,1,35.84384045,128.4882666
대구광역시 달서구 성서공단북로 132,Y,1,35.844159,128.487285
대구광역시 달서구 성서동로 350,Y,2,35.85114028,128.5164431
대구광역시 달서구 성서동로65길 24,Y,1,35.85029219,128.5145444
대구광역시 달서구 성서로72길 134,Y,1,35.8492357,128.5150924
대구광역시 달서구 성서로72길 97-11,Y,2,35.849871,128.512845
대구광역시 달서구 성서서로 316,Y,1,35.85278472,128.5001444
대구광역시 달서구 성서서로 330,Y,2,35.85406485,128.5003944
대구광역시 달서구 성서서로 73길 66,Y,1,35.858276,128.496633
대구광역시 달서구 성서서로 89,Y,2,35.833015,128.499725
대구광역시 달서구 성서서로73길 68,Y,1,35.85821036,128.496413
대구광역시 달서구 성지로16길 41,Y,2,35.856831,128.522376
대구광역시 달서구 성지로16길 65,Y,1,35.8579178,128.5227871
대구광역시 달서구 성지로16길 69-6,Y,2,35.8578109,128.5225034
대구광역시 달서구 송현로 112-1,Y,1,35.82737587,128.5441351
대구광역시 달서구 송현로 114,Y,1,35.82749299,128.544147
대구광역시 달서구 송현로 125,Y,1,35.82874701,128.5438872
대구광역시 달서구 송현로 128,Y,10,35.82868747,128.5448304
대구광역시 달서구 송현로 136,Y,1,35.82937475,128.5445915
대구광역시 달서구 송현로 192,Y,6,35.834921,128.545356
대구광역시 달서구 송현로 81,Y,3,35.82406472,128.5429925
대구광역시 달서구 송현로 9,Y,2,35.82006425,128.549991
대구광역시 달서구 송현로12안길 9,Y,1,35.823741,128.547093
대구광역시 달서구 송현로4길 48,Y,1,35.82311696,128.5510672
대구광역시 달서구 송현로7길 15,Y,2,35.820968,128.546963
대구광역시 달서구 송현로7길 51-16,Y,3,35.818288,128.547144
대구광역시 달서구 송현로7안길 21,Y,1,35.81839942,128.5477564
대구광역시 달서구 송현로8길 92,Y,1,35.825434,128.551387
대구광역시 달서구 앞산순환로 225,Y,2,35.823973,128.553731
대구광역시 달서구 앞산순환로39안길 48,Y,1,35.82377792,128.5523777
대구광역시 달서구 앞산순환로45길 23,Y,1,35.82421808,128.5527018
대구광역시 달서구 앞산순환로61길 68,Y,2,35.830792,128.558858
대구광역시 달서구 야외음악당로 39길 41 두류동,N,0,35.853859,128.5542831
대구광역시 달서구 야외음악당로15길 1(성당동),Y,1,35.84412069,128.5524306
대구광역시 달서구 야외음악당로15길 46,Y,8,35.84444205,128.549986
대구광역시 달서구 야외음악당로39길 41,Y,1,35.85384614,128.5543582
대구광역시 달서구 야외음악당로39안길 61,N,0,35.85183709,128.5522074
대구광역시 달서구 야외음악당로41길 21,Y,1,35.85501416,128.5570986
대구광역시 달서구 야외음악당로41길 68,Y,2,35.85686722,128.556088
대구광역시 달서구 야외음악당로9길 34,N,0,35.84115333,128.5508999
대구광역시 달서구 야외음악당로9길 34(성당동),N,0,35.8411551,128.550898
대구광역시 달서구 와룡로13길 15,Y,1,35.8379854,128.535939
대구광역시 달서구 와룡로15길 51,Y,1,35.83927464,128.5338445
대구광역시 달서구 와룡로15길 62,Y,2,35.839738,128.533522
대구광역시 달서구 와룡로17길 35,Y,1,35.84033992,128.5348477
대구광역시 달서구 와룡로2길 16,Y,2,35.833817,128.5385908
대구광역시 달서구 와룡로31길 37,Y,1,35.84640015,128.532719
대구광역시 달서구 와룡로45길 70(용산동),Y,1,35.85327477,128.5332854
대구광역시 달서구 와룡로45안길 37,Y,2,35.851798,128.532617
대구광역시 달서구 와룡로49길 80,Y,6,35.85522607,128.5320529
대구광역시 달서구 와룡로56길 16(죽전동),Y,1,35.85664054,128.5384786
대구광역시 달서구 용산로 260,Y,5,35.86109066,128.531264
대구광역시 달서구 용산로14길 39,Y,2,35.843143,128.532998
대구광역시 달서구 용산로4길 32,Y,2,35.83843377,128.532385
대구광역시 달서구 용산서로 63,Y,1,35.85581001,128.5266041
대구광역시 달서구 월곡로 106,Y,1,35.80708707,128.5500157
대구광역시 달서구 월곡로 113-15,Y,2,35.806751,128.549077
대구광역시 달서구 월곡로 211,Y,5,35.81293409,128.5426753
대구광역시 달서구 월곡로 320,Y,2,35.82358126,128.5342992
대구광역시 달서구 월곡로20길 15,Y,5,35.806364,128.5506727
대구광역시 달서구 월곡로20길 17,Y,1,35.80612544,128.5513717
대구광역시 달서구 월곡로26안길 17-7,Y,2,35.80908752,128.5501291
대구광역시 달서구 월곡로27길 103,Y,1,35.8098609,128.5419961
대구광역시 달서구 월곡로35길 71,Y,1,35.81000047,128.5416372
대구광역시 달서구 월곡로43길 27,Y,1,35.81322033,128.5411722
대구광역시 달서구 월곡로45길 38,Y,1,35.81389517,128.5394284
대구광역시 달서구 월곡로45길 49,Y,1,35.81251364,128.5399834
대구광역시 달서구 월곡로47안길 33-4,Y,3,35.81479254,128.5403087
대구광역시 달서구 월곡로47안길 33-7,Y,1,35.8149995,128.5403876
대구광역시 달서구 월곡로51길 77,Y,2,35.814749,128.5361997
대구광역시 달서구 월곡로94길 10(월성동),Y,1,35.83142406,128.5257973
대구광역시 달서구 월배로 129,Y,1,35.81557655,128.5282077
대구광역시 달서구 월배로 131,Y,6,35.81641946,128.5283107
대구광역시 달서구 월배로 149-11,Y,1,35.81718403,128.5295464
대구광역시 달서구 월배로 149-7,Y,1,35.81659769,128.5296531
대구광역시 달서구 월배로 149-7(진천동),Y,1,35.81659707,128.5296507
대구광역시 달서구 월배로 235,Y,3,35.81996355,128.5388941
대구광역시 달서구 월배로 241,N,0,35.82168481,128.5394057
대구광역시 달서구 월배로 303,Y,1,35.82361098,128.5435449
대구광역시 달서구 월배로 68길 74,Y,1,35.82344407,128.550494
대구광역시 달서구 월배로11길 42,Y,2,35.81700129,128.5188111
대구광역시 달서구 월배로11길 42(월성동),Y,2,35.81699982,128.5188133
대구광역시 달서구 월배로23길 22,Y,1,35.81563919,128.5262605
대구광역시 달서구 월배로23길 51,Y,2,35.816884,128.525372
대구광역시 달서구 월배로28길 84,Y,2,35.81332941,128.5329179
대구광역시 달서구 월배로28안길 17-10,Y,2,35.81403925,128.5293484
대구광역시 달서구 월배로39길 46,Y,6,35.82174579,128.5318119
대구광역시 달서구 월배로40길 22,Y,1,35.817083,128.535387
대구광역시 달서구 월배로5길 11-4,Y,2,35.81210506,128.516097
대구광역시 달서구 월배로68길 114,Y,1,35.8224807,128.5522249
대구광역시 달서구 월배로68길 91,Y,9,35.82418626,128.5517496
대구광역시 달서구 월배로69길 26,Y,1,35.82725699,128.5464917
대구광역시 달서구 월배로69안길 2,Y,1,35.82764093,128.5453101
대구광역시 달서구 월배로73길 62,Y,1,35.82901861,128.5456073
대구광역시 달서구 월배로74길 82,Y,1,35.82548917,128.5526553
대구광역시 달서구 월배로75길 132,Y,3,35.83342657,128.5474861
대구광역시 달서구 월배로75길 78,Y,2,35.83085801,128.5474352
대구광역시 달서구 월배로80길 116,Y,1,35.826667,128.555995
대구광역시 달서구 월배로83길 120-11,Y,2,35.83264361,128.5452448
대구광역시 달서구 월서로 16,Y,1,35.82100007,128.5328476
대구광역시 달서구 월성로 132(월성동),Y,1,35.82799291,128.5209136
대구광역시 달서구 월성로 42(월성동),Y,1,35.83161796,128.5307715
대구광역시 달서구 월성로 76,Y,3,35.831123,128.526094
대구광역시 달서구 이곡공원로1길 16,Y,2,35.856223,128.508292
대구광역시 달서구 이곡동로 32,Y,2,35.85286597,128.5120653
대구광역시 달서구 장기로 173,Y,3,35.84256383,128.5420251
대구광역시 달서구 장기로 193,Y,1,35.84335114,128.5393294
대구광역시 달서구 장기로 198,Y,4,35.844594,128.538653
대구광역시 달서구 장기로 258,Y,1,35.84385212,128.5321041
대구광역시 달서구 장기로 280,Y,3,35.84439329,128.529079
대구광역시 달서구 장기로 283(장기동),Y,1,35.84341412,128.5292451
대구광역시 달서구 장기로 50,Y,1,35.8432168,128.5549372
대구광역시 달서구 장기로 52,Y,1,35.84318887,128.5554445
대구광역시 달서구 장기로16길 40(성당동),Y,1,35.84526102,128.5514153
대구광역시 달서구 장기로38길 10,Y,1,35.84408861,128.5396887
대구광역시 달서구 장기로88-2(성당동),Y,1,35.84368558,128.5510106
대구광역시 달서구 장산로 30,Y,4,35.85483895,128.5265462
대구광역시 달서구 조암남로 100,Y,4,35.82059631,128.5224969
대구광역시 달서구 조암남로 147(월성동),Y,2,35.81693588,128.5182681
대구광역시 달서구 조암남로 172-13,Y,4,35.8165684,128.515696
대구광역시 달서구 조암남로 32길 55 (유천동),Y,1,35.81972542,128.5126004
대구광역시 달서구 조암남로 72,Y,1,35.82083558,128.5251882
대구광역시 달서구 조암남로10길 42,Y,2,35.82283274,128.5260536
대구광역시 달서구 조암남로14길 57,Y,2,35.823331,128.5250973
대구광역시 달서구 조암남로16길 34,Y,2,35.822893,128.5225789
대구광역시 달서구 조암남로19길 11,Y,2,35.81935795,128.5229983
대구광역시 달서구 조암남로20길 54,N,0,35.8218446,128.521132
대구광역시 달서구 조암남로27길 10,Y,2,35.81744454,128.5194445
대구광역시 달서구 조암남로32길 13(진천동),Y,2,35.81793843,128.5153037
대구광역시 달서구 조암남로32길 55,Y,1,35.81972464,128.5125985
대구광역시 달서구 조암로 29,Y,1,35.82455093,128.5268175
대구광역시 달서구 조암로 89-23,Y,2,35.822537,128.5216646
대구광역시 달서구 조암로14안길 18-9,Y,1,35.82400034,128.5207155
대구광역시 달서구 조암로14안길 29,Y,1,35.82402552,128.5212361
대구광역시 달서구 조암로5길 19,Y,1,35.82408224,128.5284353
대구광역시 달서구 조암로6길 55,Y,6,35.828572,128.5217032
대구광역시 달서구 죽전1안길 14,Y,2,35.85282869,128.5403127
대구광역시 달서구 죽전4길 40,Y,2,35.854763,128.542461
대구광역시 달서구 죽전길 127,Y,2,35.8577856,128.539937
대구광역시 달서구 중흥로4길 83,Y,1,35.829538,128.5524867
대구광역시 달서구 중흥로8길 112,Y,2,35.826839,128.552166
대구광역시 달서구 중흥로8길 50,Y,2,35.82909807,128.5540805
대구광역시 달서구 진천로 16길 68-11,Y,1,35.8161377,128.5276803
대구광역시 달서구 진천로 48,Y,1,35.813148,128.5247873
대구광역시 달서구 진천로 77,Y,1,35.81646383,128.5211201
대구광역시 달서구 진천로10길 12,Y,2,35.81303824,128.5253691
대구광역시 달서구 진천로10길 71,Y,1,35.81106601,128.527038
대구광역시 달서구 진천로18길 65,Y,2,35.81821404,128.526099
대구광역시 달서구 진천로3길 119,Y,1,35.81013373,128.5196734
대구광역시 달서구 진천로3길 31,Y,2,35.809923,128.5243758
대구광역시 달서구 진천로3길 85-11,Y,2,35.80974735,128.5214745
대구광역시 달서구 진천로4길 14,Y,1,35.81071605,128.5266816
대구광역시 달서구 진천로4길 32,Y,6,35.81090104,128.528256
대구광역시 달서구 파도고개로 47,Y,1,35.85272863,128.5716031
대구광역시 달서구 파도고개로 61,Y,1,35.85329903,128.571061
대구광역시 달서구 평리로 108,Y,2,35.858361,128.536238
대구광역시 달서구 학산남로 13,Y,1,35.82394158,128.5341621
대구광역시 달서구 학산남로 34,Y,1,35.82283958,128.5367112
대구광역시 달서구 학산로 16,Y,1,35.82692745,128.5315813
대구광역시 달서구 학산로 185,Y,1,35.83446857,128.5462867
대구광역시 달서구 학산로 192,Y,1,35.83370709,128.5472445
대구광역시 달서구 학산로2길 38,Y,5,35.824122,128.532841
대구광역시 달서구 학산로7길 26,Y,2,35.83108789,128.5318986
대구광역시 달서구 한들로 70,Y,2,35.84661003,128.5264681
대구광역시 달서구 한실로 137,Y,2,35.806668,128.5414519
대구광역시 달서구 한실로 30,Y,1,35.80592067,128.53079
대구광역시 달서구 한실로 43,Y,4,35.808129,128.5312376
대구광역시 달서구 한실로6길 108,N,0,35.79831438,128.5285689
대구광역시 달서구 호산동로35길 26(호산동),Y,1,35.85085087,128.484302
대구광역시 달서구 화암로 301,Y,1,35.80469338,128.516933
대구광역시 달서구 화암로 301 (대곡동),Y,1,35.80467546,128.5169347
대구광역시 달서구 화암로 378,Y,1,35.80709928,128.5210477
대구광역시 달성군 가창면 가창로 640,Y,2,35.7710639,128.648275
대구광역시 달성군 가창면 가창로221길 1,Y,2,35.8045644,128.6216049
대구광역시 달성군 구지면 국가산단대로66길 10,Y,1,35.65978349,128.4198062
대구광역시 달성군 구지면 창리로11길 45-11,Y,4,35.66021121,128.4125566
대구광역시 달성군 논공읍 금포초등길 28,Y,2,35.77429312,128.4254975
대구광역시 달성군 논공읍 논공로 258,Y,1,35.72463835,128.4564671
대구광역시 달성군 논공읍 논공로11길 18,Y,3,35.7294657,128.4413209
대구광역시 달성군 논공읍 논공로17길 14,Y,1,35.72964587,128.4429596
대구광역시 달성군 논공읍 논공로17길 16-8,Y,1,35.729677,128.4431592
대구광역시 달성군 논공읍 논공로23길6-15,Y,1,35.730203,128.4470724
대구광역시 달성군 논공읍 논공로5길198,Y,1,35.730152,128.4464967
대구광역시 달성군 논공읍 논공로7길 41,Y,2,35.7310396,128.4376487
대구광역시 달성군 논공읍 논공중앙로22길 47,Y,1,35.723696,128.449843
대구광역시 달성군 다사읍 다사로 103-8,Y,1,35.869471,128.456844
대구광역시 달성군 다사읍 다사로 25,Y,1,35.862823,128.4600237
대구광역시 달성군 다사읍 다사로 64,Y,1,35.8662449,128.4591383
대구광역시 달성군 다사읍 다사로 86,Y,2,35.86942854,128.4584837
대구광역시 달성군 다사읍 다사로4길 25,Y,1,35.863613,128.4633705
대구광역시 달성군 다사읍 달구벌대로174길 17-5,N,0,35.85792967,128.4620457
대구광역시 달성군 다사읍 대실역남로1길 29,Y,1,35.85260246,128.467665
대구광역시 달성군 다사읍 대실역남로1길 31,Y,1,35.85308934,128.4678988
대구광역시 달성군 다사읍 대실역북로 93,Y,2,35.86319359,128.4652067
대구광역시 달성군 다사읍 대실역북로3길 6,Y,2,35.86224964,128.4681208
대구광역시 달성군 다사읍 매곡로 4길 26-1,N,0,35.864442,128.455289
대구광역시 달성군 다사읍 매곡로 92,N,0,35.86816397,128.4557547
대구광역시 달성군 다사읍 매곡로14길 10,Y,1,35.866177,128.4549687
대구광역시 달성군 다사읍 매곡리 535-7,Y,1,35.86827697,128.456172
대구광역시 달성군 다사읍 서재로 100,Y,2,35.87192209,128.4983794
대구광역시 달성군 다사읍 서재로 7길 53,Y,2,35.87181404,128.4888068
대구광역시 달성군 다사읍 서재로 7길 55,N,0,35.87186556,128.4884314
대구광역시 달성군 다사읍 서재로20길 28,Y,1,35.87048758,128.5001017
대구광역시 달성군 다사읍 서재로26길 94,N,0,35.87815118,128.499775
대구광역시 달성군 다사읍 서재본1길 13-8,Y,1,35.873459,128.4950733
대구광역시 달성군 다사읍 서재본1길 9-10,N,0,35.87355291,128.4950752
대구광역시 달성군 다사읍 서재본길 41,Y,1,35.87209858,128.4923109
대구광역시 달성군 다사읍 세천로 182-11,Y,1,35.87386895,128.4812055
대구광역시 달성군 다사읍 세천로 182-9,Y,1,35.87434869,128.481431
대구광역시 달성군 다사읍 왕선로 41,Y,1,35.863191,128.4640502
대구광역시 달성군 다사읍 죽곡1길 18,Y,4,35.85679964,128.4633754
대구광역시 달성군 다사읍 죽곡2길 35,Y,1,35.8554026,128.462546
대구광역시 달성군 달구벌대로174길17-5,Y,1,35.857912,128.462029
대구광역시 달성군 옥포면 금계길 55,Y,2,35.7886981,128.4441016
대구광역시 달성군 옥포면 돌미로 15,Y,1,35.781325,128.436565
대구광역시 달성군 옥포면 돌미로2서길 20,N,0,35.77889535,128.4364839
대구광역시 달성군 옥포면 법화길 61,N,0,35.786574,128.446203
대구광역시 달성군 옥포면 비슬로 2220,Y,2,35.7874518,128.464526
대구광역시 달성군 옥포면 비슬로455길 24,Y,1,35.791595,128.4687533
대구광역시 달성군 옥포면 용연사길 5,Y,1,35.756773,128.494612
대구광역시 달성군 옥포읍 금계길 55,N,0,35.78883681,128.4437326
대구광역시 달성군 옥포읍 돌미로 15,N,0,35.78124545,128.4367988
대구광역시 달성군 옥포읍 돌미로2서길 20,N,0,35.77889535,128.4364839
대구광역시 달성군 옥포읍 법화길 61,N,0,35.78659015,128.4462092
대구광역시 달성군 옥포읍 비슬로 2220,N,0,35.7877859,128.4641618
대구광역시 달성군 옥포읍 비슬로455길 24,N,0,35.7917813,128.4687744
대구광역시 달성군 유가면 테크노대로5길 34,Y,2,35.692333,128.467509
대구광역시 달성군 유가읍 테크노대로5길 32,N,0,35.69198914,128.4672427
대구광역시 달성군 유가읍 테크노대로5길 34,N,0,35.69223544,128.4677377
대구광역시 달성군 유가읍 테크노북로 142,Y,2,35.69650592,128.4583415
대구광역시 달성군 유가읍 테크노북로 144,N,0,35.69605766,128.4587444
대구광역시 달성군 하빈면 달구벌대로55길 104-4,Y,1,35.87936513,128.4173547
대구광역시 달성군 하빈면 하빈로 391-1,Y,2,35.90161025,128.4421533
대구광역시 달성군 현풍면 비슬로134길 167-6,Y,2,35.6978796,128.4482704
대구광역시 달성군 현풍면 테크노북로 80,Y,2,35.69487717,128.4526291
대구광역시 달성군 현풍면 현풍동로 10,Y,1,35.692123,128.447951
대구광역시 달성군 현풍면 현풍동로 22길 17,N,0,35.700467,128.4508879
대구광역시 달성군 현풍면 현풍동로 49,Y,1,35.6949483,128.4504827
대구광역시 달성군 현풍면 현풍동로20길 12,Y,1,35.699632,128.451241
대구광역시 달성군 현풍면 현풍동로25길 17,Y,1,35.6986101,128.448427
대구광역시 달성군 현풍면 현풍중앙로10길64,Y,1,35.695368,128.448954
대구광역시 달성군 현풍면 현풍중앙로10길74,Y,1,35.6958092,128.449022
대구광역시 달성군 현풍읍 비슬로134길 167-6,N,0,35.69811032,128.4484675
대구광역시 달성군 현풍읍 테크노북로 78,N,0,35.69427016,128.4527462
대구광역시 달성군 현풍읍 테크노북로 80,N,0,35.69487717,128.4526291
대구광역시 달성군 현풍읍 현풍동로 10,N,0,35.69225553,128.4482246
대구광역시 달성군 현풍읍 현풍동로 49,N,0,35.69485993,128.4504723
대구광역시 달성군 현풍읍 현풍동로20길 12,N,0,35.69960174,128.4512388
대구광역시 달성군 현풍읍 현풍동로22길 17,N,0,35.70048193,128.4508879
대구광역시 달성군 현풍읍 현풍동로25길 17,N,0,35.69860497,128.4484013
대구광역시 달성군 현풍읍 현풍중앙로10길64,N,0,35.69535401,128.4489567
대구광역시 달성군 현풍읍 현풍중앙로10길74,N,0,35.69567434,128.4489979
대구광역시 달성군 화원읍 명곡로 4,Y,1,35.79939852,128.4956301
대구광역시 달성군 화원읍 명곡로 40,Y,3,35.796666,128.4961827
대구광역시 달성군 화원읍 명천로 181,Y,1,35.80002128,128.49801
대구광역시 달성군 화원읍 비슬로 2580,Y,3,35.80302201,128.4993231
대구광역시 달성군 화원읍 비슬로 2614-6,N,0,35.80442127,128.5024469
대구광역시 달성군 화원읍 비슬로500길10,Y,1,35.79885568,128.491132
대구광역시 달성군 화원읍 비슬로502길14,Y,1,35.799036,128.4921731
대구광역시 달성군 화원읍 비슬로512길 44,Y,1,35.80178363,128.498322
대구광역시 달성군 화원읍 비슬로525길 46,Y,3,35.80841163,128.501092
대구광역시 달성군 화원읍 비슬로528길4,Y,1,35.805298,128.5047768
대구광역시 달성군 화원읍 비슬로539길 11-11,Y,1,35.809662,128.5072892
대구광역시 달성군 화원읍 성암로 38,Y,5,35.79954712,128.5096159
대구광역시 달성군 화원읍 성천로 192,Y,1,35.8094091,128.5019837
대구광역시 달성군 화원읍 성천로 42길,Y,1,35.81038345,128.5042392
대구광역시 달성군 화원읍 성천로 42길 24-3,N,0,35.81038345,128.5041695
대구광역시 달성군 화원읍 성화로 87,Y,1,35.798845,128.4844135
대구광역시 달성군 화원읍 성화로4길 13,N,0,35.80291818,128.4920244
대구광역시 달성군 화원읍 인흥2길 79,N,0,35.788475,128.5197759
대구광역시 달성군 화원읍 인흥길 29,Y,1,35.80115991,128.4986243
대구광역시 달성군 화원읍 화원로7길 55,N,0,35.805766,128.496527
대구광역시 동구 경안로103길 31,Y,3,35.868034,128.7121925
대구광역시 동구 과학로13길 5,Y,4,35.8843924,128.7170839
대구광역시 동구 국채보상로165길 31,Y,2,35.869592,128.615717
대구광역시 동구 금강로 16길 25-12,N,0,35.86437093,128.7323669
대구광역시 동구 금호강변로3길 14,Y,2,35.869225,128.689075
대구광역시 동구 동부로 67-1,Y,2,35.875539,128.6197907
대구광역시 동구 동부로34길 70,Y,4,35.8726276,128.6321105
대구광역시 동구 동북로71길 29,Y,6,35.89012297,128.6289427
대구광역시 동구 동촌로 11길 5,Y,1,35.88993781,128.6496203
대구광역시 동구 동촌로 168,Y,2,35.882087,128.658931
대구광역시 동구 동촌로 16길,N,0,35.886702,128.651121
대구광역시 동구 동촌로42길 35-14,Y,3,35.88065514,128.6630347
대구광역시 동구 동촌로45길 39,Y,2,35.883281,128.669147
대구광역시 동구 동촌로48길 24-7,Y,2,35.880095,128.665058
대구광역시 동구 동촌로54길 13,Y,2,35.87880191,128.6680096
대구광역시 동구 동촌로56길 82,Y,4,35.87735702,128.6723772
대구광역시 동구 동호로 25,Y,3,35.8653521,128.7204656
대구광역시 동구 동호로2길 37-17,Y,3,35.86536734,128.7244699
대구광역시 동구 동호로7길 17,Y,3,35.86809919,128.7302389
대구광역시 동구 메디벨리로8길 11,Y,3,35.87621551,128.7507224
대구광역시 동구 반야월로 208-1,Y,2,35.8717205,128.711336
대구광역시 동구 반야월북로 189-30,N,0,35.87547174,128.718849
대구광역시 동구 반야월북로55길 43,Y,2,35.874528,128.730521
대구광역시 동구 반야월북로57길 24,Y,1,35.873101,128.731146
대구광역시 동구 방천로3길 19,Y,7,35.897486,128.6335014
대구광역시 동구 방촌로17길 26,Y,3,35.885932,128.663756
대구광역시 동구 송라로 110,Y,1,35.876872,128.616848
대구광역시 동구 송라로 123,Y,2,35.87827534,128.6150277
대구광역시 동구 송라로 3-6,Y,2,35.8684863,128.618421
대구광역시 동구 송라로110,Y,1,35.876872,128.616848
대구광역시 동구 송라로123,Y,1,35.87827534,128.6150277
대구광역시 동구 송라로3길 13-3,Y,2,35.869435,128.619153
대구광역시 동구 송라로6길 5,Y,4,35.87165608,128.6210093
대구광역시 동구 숙천로 15,Y,4,35.87632564,128.7530358
대구광역시 동구 신서로 71-52,N,0,35.87517786,128.7212474
대구광역시 동구 신암남로 175-1,Y,2,35.8849044,128.632079
대구광역시 동구 신암남로27길 35,Y,2,35.88343798,128.628834
대구광역시 동구 신암남로45,Y,3,35.87969478,128.6209693
대구광역시 동구 신암로 12길 53,Y,1,35.875494,128.6118018
대구광역시 동구 신암로18길 19,Y,2,35.87772351,128.6126381
대구광역시 동구 신암북로 11길 11,Y,1,35.88805478,128.6219592
대구광역시 동구 신암북로7길 22,Y,6,35.88802582,128.6198324
대구광역시 동구 신암북로7길 75,Y,2,35.888735,128.617919
대구광역시 동구 아양로 213-6,N,0,35.887136,128.636705
대구광역시 동구 아양로 221,Y,3,35.88746269,128.6374328
대구광역시 동구 아양로 300,Y,2,35.89069277,128.6439976
대구광역시 동구 아양로34길 50,Y,6,35.88210557,128.6284773
대구광역시 동구 아양로42길 12,Y,2,35.88549396,128.6366879
대구광역시 동구 아양로52길 17,Y,2,35.886489,128.640685
대구광역시 동구 아양로8길 31-4,Y,2,35.879881,128.620657
대구광역시 동구 안심로 16길 19,Y,1,35.86633074,128.694752
대구광역시 동구 안심로 300,Y,2,35.86558767,128.7176258
대구광역시 동구 안심로16길 70,Y,2,35.8618784,128.691843
대구광역시 동구 안심로49길 70,Y,3,35.86827367,128.7107622
대구광역시 동구 안심로51길 120,Y,2,35.871609,128.713137
대구광역시 동구 안심로51길 13-2,Y,2,35.86684127,128.7123787
대구광역시 동구 안심로7길 21,Y,2,35.87241375,128.693319
대구광역시 동구 안심로90길 22,Y,1,35.86891215,128.733114
대구광역시 동구 안심로90길 9,Y,3,35.87060736,128.7340267
대구광역시 동구 옻골로50,Y,3,35.89617884,128.6830241
대구광역시 동구 용계로1길 36,Y,2,35.875342,128.692885
대구광역시 동구 위남로2길 38,Y,2,35.930785,128.6349831
대구광역시 동구 율하동로 55,Y,3,35.86480786,128.7007419
대구광역시 동구 율하동로15길 1,Y,4,35.86781358,128.7015369
대구광역시 동구 율하동로20길 31,Y,3,35.86870659,128.7046514
대구광역시 동구 율하동로23길 66,Y,5,35.87142447,128.6952236
대구광역시 동구 율하동로26길 22,Y,2,35.870112,128.7047054
대구광역시 동구 율하동로28길 39,Y,2,35.871458,128.7070285
대구광역시 동구 율하동로8길 75,Y,2,35.864335,128.701941
대구광역시 동구 율하서로 96,Y,3,35.8614091,128.688654
대구광역시 동구 율하서로3길 45,Y,2,35.86051205,128.688145
대구광역시 동구 이노밸리로 29길 76,Y,1,35.88593573,128.7137953
대구광역시 동구 큰고개로 23,Y,2,35.8858743,128.6238061
대구광역시 동구 큰고개로 46-2,Y,3,35.888819,128.625071
대구광역시 동구 파게로6길 54-3,Y,3,35.94282987,128.6382523
대구광역시 동구 파계로 117,Y,2,35.944233,128.637039
대구광역시 동구 파계로 525-11,Y,3,35.98040326,128.6317455
대구광역시 동구 파계로19길 12-7,Y,1,35.94259175,128.6360031
대구광역시 동구 팔공로 220-4,Y,4,35.9180615,128.6430589
대구광역시 동구 팔공로197길 35,Y,4,35.95647964,128.6906247
대구광역시 동구 팔공로24길 131-6(도동),N,0,35.909776,128.648363
대구광역시 동구 팔공로34길 27(불로동),Y,1,35.91440723,128.6442402
대구광역시 동구 팔공로50길 32,Y,2,35.91925526,128.6473981
대구광역시 동구 팔공로53길 30,Y,4,35.92580074,128.637412
대구광역시 동구 팔공로68길 4-5,Y,2,35.92953955,128.6428827
대구광역시 동구 팔공로91길 10,Y,2,35.940566,128.644575
대구광역시 동구 팔공산로 225,Y,2,35.99718756,128.6137631
대구광역시 동구 해동로 219,Y,2,35.8862005,128.6533675
대구광역시 동구 화랑로 558,Y,2,35.8743255,128.684657
대구광역시 동구 화랑로25길 21,Y,2,35.875943,128.640252
대구광역시 동구 화랑로25길 45,Y,5,35.878173,128.641234
대구광역시 동구 화랑로27길 25,Y,5,35.87600495,128.641577
대구광역시 동구 화랑로88길 80,Y,2,35.875416,128.6644884
대구광역시 동구 화랑로88길 90,Y,2,35.87580116,128.663464
대구광역시 동구 효동로 78-7,Y,4,35.88412597,128.6447523
대구광역시 동구 효목로17길 50,Y,2,35.881853,128.640146
대구광역시 동구 효목로19길 9-6,Y,2,35.881296,128.641876
대구광역시 북구 검단로 255 민들레아파트,Y,1,35.91581128,128.6291384
"대구광역시 북구 검단로 255, 민들레아파트",Y,1,35.9163352,128.6281419
대구광역시 북구 경대로 21,Y,3,35.88376396,128.6116222
대구광역시 북구 경대로7길 60 성지무궁화아파트,Y,1,35.886155,128.607909
"대구광역시 북구 경대로7길 60, 성지무궁화아파트",Y,1,35.88612053,128.6079182
대구광역시 북구 경진로12길 5,Y,2,35.89202775,128.6170922
대구광역시 북구 고성로34길 63,Y,2,35.8799004,128.5868329
대구광역시 북구 고성로34길 90,Y,2,35.8793927,128.5881726
대구광역시 북구 공항로 58,Y,2,35.8976053,128.6215383
대구광역시 북구 관음동로17길 16,Y,2,35.93992099,128.5471123
대구광역시 북구 관음동로32길 6-13,Y,2,35.9461262,128.5477343
대구광역시 북구 관음중앙로22길 3,Y,2,35.943233,128.545681
대구광역시 북구 관음중앙로34길 4,Y,1,35.9447886,128.5494726
대구광역시 북구 관음중앙로3길 4,Y,1,35.94459932,128.549469
대구광역시 북구 구리로 169,Y,2,35.9479921,128.5731257
대구광역시 북구 구리로 202,Y,3,35.94865981,128.577117
대구광역시 북구 구암로 17 칠곡2차(수정)한양아파트,Y,1,35.93526701,128.5435622
"대구광역시 북구 구암로 17, 칠곡2차(수정)한양아파트",Y,1,35.93664054,128.5429351
대구광역시 북구 구암로 170 칠곡2차한라타운,Y,1,35.9305278,128.558829
"대구광역시 북구 구암로 170, 칠곡2차한라타운",Y,1,35.93052009,128.5593829
대구광역시 북구 구암로21길 54,Y,2,35.93721038,128.554364
대구광역시 북구 구암로21길 6 코스모스한양아파트,Y,1,35.93315561,128.5533545
대구광역시 북구 구암로22길 17,Y,2,35.930569,128.552046
대구광역시 북구 구암로42길 13-20,Y,2,35.9302986,128.563022
대구광역시 북구 구암로50길 16-2,Y,1,35.93413457,128.567437
대구광역시 북구 구암로60길 45-14,Y,2,35.9382737,128.5688728
대구광역시 북구 구암서로 50,Y,3,35.940839,128.566777
대구광역시 북구 내곡로 124,Y,2,35.90014717,128.5152503
대구광역시 북구 내곡로 63,Y,3,35.901614,128.5096883
대구광역시 북구 대불서길 18-6,Y,2,35.90119246,128.614544
대구광역시 북구 대불서길 33,Y,1,35.90222095,128.612843
대구광역시 북구 대천로 101 칠곡3차화성타운,Y,1,35.93808644,128.5617421
"대구광역시 북구 대천로 101, 칠곡3차화성타운",Y,1,35.93701371,128.5603526
대구광역시 북구 대천로 148,Y,2,35.93570075,128.565618
대구광역시 북구 대천로18길 6,Y,2,35.9364615,128.5580673
대구광역시 북구 대천로7길 40 칠곡산호한양아파트,Y,1,35.9413587,128.5555432
"대구광역시 북구 대천로7길 40, 칠곡산호한양아파트",Y,1,35.94103818,128.5557731
대구광역시 북구 대현남로 34,Y,1,35.88114395,128.607228
대구광역시 북구 대현남로 34(대현동),N,0,35.881105,128.6072817
대구광역시 북구 대현로21길 52,Y,2,35.88471833,128.6079209
대구광역시 북구 도남길 148-46,Y,2,35.9609127,128.5858597
대구광역시 북구 도남길 33-9,Y,1,35.9522319,128.5800568
대구광역시 북구 도남길 57-1,Y,2,35.9540283,128.5805954
대구광역시 북구 동변로 60,Y,3,35.91913074,128.6041638
대구광역시 북구 동변로18길 25,Y,2,35.9204179,128.6060865
대구광역시 북구 동변로20길 15,Y,2,35.9219255,128.6020137
대구광역시 북구 동변로20길 30-1,Y,2,35.92309743,128.601318
대구광역시 북구 동북로26길 26,Y,1,35.89982276,128.6051253
대구광역시 북구 동북로37길 68,Y,2,35.90328558,128.6095652
대구광역시 북구 동북로49길 19,Y,1,35.896185,128.619614
대구광역시 북구 동북로71길 9-45 대구성보학교,Y,1,35.893749,128.630079
"대구광역시 북구 동북로71길 9-45, 대구성보학교",Y,1,35.89408427,128.6302775
대구광역시 북구 동북로길 26,Y,1,35.899913,128.605182
대구광역시 북구 동암로 21-19,Y,2,35.9474763,128.5535989
대구광역시 북구 동암로37길 17,Y,2,35.9448653,128.5710848
대구광역시 북구 동암로7길 39 칠곡한서타운,Y,1,35.94929255,128.5558468
"대구광역시 북구 동암로7길 39, 칠곡한서타운",Y,1,35.94955113,128.5555721
대구광역시 북구 동천로 20,Y,2,35.9334558,128.559215
대구광역시 북구 동천로 33,Y,3,35.93475358,128.5578616
대구광역시 북구 동천로 5-13,Y,2,35.93229877,128.5569404
대구광역시 북구 동천로 84,Y,3,35.93900093,128.5608217
대구광역시 북구 매전로 32,Y,3,35.90869975,128.546114
대구광역시 북구 매전로 73 태전휴먼시아1단지,Y,1,35.9116768,128.5452729
"대구광역시 북구 매전로 73, 태전휴먼시아1단지",Y,1,35.91294238,128.5439104
대구광역시 북구 매전로4길 10-20,Y,2,35.90807568,128.5425981
대구광역시 북구 매천로 179,Y,2,35.91332533,128.5410377
대구광역시 북구 매천로 204,Y,2,35.91517961,128.5426024
대구광역시 북구 매천로17길 17-1,Y,2,35.90434132,128.5386172
대구광역시 북구 매천로2길 19-6,Y,2,35.8979308,128.5449083
대구광역시 북구 매천로37길 34-10,Y,2,35.91461173,128.5396668
대구광역시 북구 매천로37길 8,Y,2,35.9135551,128.5416382
대구광역시 북구 복현로 11,Y,2,35.893512,128.622767
대구광역시 북구 복현로 180,Y,3,35.9058108,128.6203544
대구광역시 북구 복현로 70-9,Y,1,35.898333,128.624222
대구광역시 북구 복현로20길 15-1,Y,1,35.900776,128.621512
대구광역시 북구 복현로20길 20,Y,1,35.9008908,128.6222078
대구광역시 북구 복현로20길 73-1,Y,2,35.90599349,128.6212152
대구광역시 북구 복현로2길 34,Y,2,35.8920708,128.6257607
대구광역시 북구 복현로북2길 9,Y,1,35.893462,128.623889
대구광역시 북구 사수로 363-36,Y,2,35.89756743,128.5182978
대구광역시 북구 산격로10길 14,Y,3,35.89455033,128.6063965
대구광역시 북구 산격로서9길 6-1,Y,2,35.8952123,128.6022434
대구광역시 북구 서변로3길 59,Y,2,35.921961,128.594626
대구광역시 북구 서변로3길 79-8,Y,2,35.92329453,128.5957434
대구광역시 북구 성북로 25,Y,3,35.8911138,128.5850731
대구광역시 북구 신천동로 900,Y,3,35.89611402,128.5931912
대구광역시 북구 신천동로148길 55,Y,2,35.8841001,128.6050776
대구광역시 북구 연경중앙로11길 19,N,0,35.9457235,128.6158864
대구광역시 북구 연암로4길 35,Y,1,35.890277,128.6030981
대구광역시 북구 영송로 15,Y,2,35.92684373,128.5440255
대구광역시 북구 영송로 85 한신중앙아파트,Y,1,35.932686,128.543581
"대구광역시 북구 영송로 85, 한신중앙아파트",Y,1,35.93279502,128.5426122
대구광역시 북구 오봉로6길 7,Y,2,35.8903643,128.5776159
대구광역시 북구 옥산로17길 37,Y,2,35.88769872,128.585141
대구광역시 북구 읍내동 842,Y,1,35.945979,128.552403
대구광역시 북구 조야로8길 16,Y,3,35.9097412,128.5770478
대구광역시 북구 주좌길 26-17,Y,1,35.950163,128.569131
대구광역시 북구 주좌길 34,Y,2,35.95070348,128.5692323
대구광역시 북구 칠곡중앙대로110길 5,Y,3,35.94517034,128.5517715
대구광역시 북구 칠곡중앙대로110길 6-20,Y,2,35.9438646,128.5514868
대구광역시 북구 칠곡중앙대로116길 12,Y,1,35.94612775,128.5524375
대구광역시 북구 칠곡중앙대로126길 21-24,Y,2,35.94901771,128.555012
대구광역시 북구 칠곡중앙대로126길 3,Y,2,35.9511061,128.553947
대구광역시 북구 칠곡중앙대로43길 13,Y,2,35.9150239,128.546879
대구광역시 북구 칠곡중앙대로43길 33,Y,2,35.9150643,128.5445336
대구광역시 북구 칠곡중앙대로52길 20 삼성아파트,Y,1,35.920196,128.5492741
"대구광역시 북구 칠곡중앙대로52길 20, 삼성아파트",Y,1,35.9198599,128.548361
대구광역시 북구 칠곡중앙대로52길 56,Y,3,35.9230319,128.5505023
대구광역시 북구 칠곡중앙대로75길 16,Y,2,35.9302356,128.5460296
대구광역시 북구 칠곡중앙대로86길 17-1,Y,2,35.9343405,128.5503227
대구광역시 북구 칠곡중앙대로91길 10,Y,3,35.93683759,128.5477879
대구광역시 북구 칠곡중앙대로99길 45-21,Y,2,35.94061383,128.5456385
대구광역시 북구 칠성로 105-21,Y,1,35.87931739,128.600701
대구광역시 북구 칠성시장로23길 55,Y,2,35.88089463,128.5978735
대구광역시 북구 침산남로 165-4,Y,1,35.8882443,128.5940851
대구광역시 북구 침산남로13길 38-5,Y,1,35.898242,128.583978
대구광역시 북구 침산남로32길 17,Y,2,35.88703349,128.5932396
대구광역시 북구 침산남로37길 10,Y,2,35.8882997,128.5962947
대구광역시 북구 침산남로39길 19,Y,2,35.88872421,128.5970624
대구광역시 북구 침산남로9길 6-6,Y,1,35.889761,128.5813468
대구광역시 북구 침산남로서9길 5-17,Y,1,35.891376,128.580362
대구광역시 북구 태암로18길 20-7,Y,2,35.9259879,128.5550239
대구광역시 북구 태전로 95,Y,2,35.92816693,128.5406343
대구광역시 북구 태전로7길 30-13,Y,2,35.9230893,128.5411962
대구광역시 북구 팔거천동로 104 칠곡2차보성서한타운,Y,1,35.93320196,128.5569972
"대구광역시 북구 팔거천동로 104, 칠곡2차보성서한타운",Y,1,35.93270726,128.5563899
대구광역시 북구 팔거천서로 157-2,Y,2,35.9386239,128.555488
대구광역시 북구 학남로 32,Y,3,35.94822675,128.568978
대구광역시 북구 학남로1길 2-11,Y,2,35.9490276,128.5662986
대구광역시 북구 학남로1길 29,Y,1,35.951241,128.566044
대구광역시 북구 학정동로 23,Y,3,35.946244,128.5662836
대구광역시 북구 학정동로 84,Y,2,35.9512033,128.5682272
대구광역시 북구 학정동로13길 12,Y,2,35.9502955,128.5665514
대구광역시 북구 학정로 110-22,Y,2,35.9171941,128.5520429
대구광역시 북구 학정로 245,Y,2,35.92814416,128.5577585
대구광역시 북구 학정로42길 26-24,Y,2,35.9250503,128.5583817
대구광역시 북구 학정로42길 40,Y,2,35.9267826,128.5589679
대구광역시 북구 학정로48길 42-6,Y,2,35.92723501,128.5605621
대구광역시 북구 호국로43길 35,Y,3,35.92075558,128.5950281
대구광역시 북구 호국로57길 42,Y,3,35.92641014,128.5942114
대구광역시 북구 호암로 20 성광우방타운,Y,1,35.8819866,128.5922375
"대구광역시 북구 호암로 20, 성광우방타운",Y,1,35.88266282,128.592027
대구광역시 북구 호암로 40 삼성아파트,Y,1,35.881322,128.593409
"대구광역시 북구 호암로 40, 삼성아파트",Y,1,35.88190419,128.5937835
대구광역시 북구 환성정길 17-2,Y,2,35.922829,128.5945198
대구광역시 서구 고성로 127,Y,4,35.88281808,128.5792322
대구광역시 서구 국채보상로 135,Y,4,35.86971383,128.5454299
대구광역시 서구 국채보상로 342,Y,2,35.87154982,128.5681368
대구광역시 서구 국채보상로 426,Y,4,35.87042102,128.5771543
대구광역시 서구 국채보상로34길 35,Y,4,35.86684551,128.550524
대구광역시 서구 국채보상로37길 35,Y,4,35.87348606,128.5503997
대구광역시 서구 국채보상로38길 19,Y,2,35.86804556,128.552709
대구광역시 서구 국채보상로46길 31-27,Y,2,35.86801268,128.5576489
대구광역시 서구 국채보상로53길 6-5,Y,4,35.87239568,128.5613416
대구광역시 서구 국채보상로61길 24,Y,2,35.87425708,128.5645376
대구광역시 서구 국채보상로72길 19,Y,2,35.87038702,128.5701204
대구광역시 서구 국채보상로81길 40,Y,1,35.8757971,128.575368
대구광역시 서구 국채보상로81안길 8,Y,1,35.87577913,128.5753768
대구광역시 서구 국채보상로83길 49,Y,2,35.875656,128.576145
대구광역시 서구 달구벌대로357길 22,Y,2,35.86161552,128.5599513
대구광역시 서구 달구벌대로371길 35,Y,4,35.86381964,128.56676
대구광역시 서구 달서로 33,Y,2,35.86586644,128.5703324
대구광역시 서구 달서로26길 25,Y,4,35.87387453,128.5737295
대구광역시 서구 달서로45길 30,Y,4,35.88274996,128.5686287
대구광역시 서구 달서로7길 9,Y,2,35.8649326,128.5700955
대구광역시 서구 달서천로53길 18,Y,2,35.885643,128.5622608
대구광역시 서구 문화로 146-1,Y,1,35.87401098,128.5487199
대구광역시 서구 문화로 148,Y,1,35.874245,128.5488201
대구광역시 서구 문화로51길 9,Y,2,35.8766374,128.5606027
대구광역시 서구 문화로63길 22,Y,2,35.87788364,128.5685622
대구광역시 서구 북비산로 104-8,Y,1,35.87815077,128.5443775
대구광역시 서구 북비산로 104-8(이현동),Y,1,35.8781642,128.5443995
대구광역시 서구 북비산로67길 31,Y,2,35.88339107,128.5708109
대구광역시 서구 서대구로17길 28,Y,2,35.86513319,128.5526273
대구광역시 서구 서대구로45길 60,Y,4,35.87828776,128.5479794
대구광역시 서구 서대구로5길 56,Y,2,35.86000686,128.5504406
대구광역시 서구 서대구로63길 28-13,Y,2,35.88940746,128.5577025
대구광역시 서구 서대구로66길 20,Y,4,35.88618347,128.5672852
대구광역시 서구 옥산로6길 9,Y,2,35.885754,128.578864
대구광역시 서구 큰장로13길 8,Y,2,35.86697857,128.5742408
대구광역시 서구 통학로 138,Y,2,35.872546,128.563086
대구광역시 서구 통학로 202,Y,2,35.87871645,128.5643247
대구광역시 서구 통학로13길 6,Y,2,35.86610446,128.5621617
대구광역시 서구 통학로20길14-1,Y,2,35.86903956,128.565806
대구광역시 서구 통학로48길 7,Y,4,35.8815273,128.5645911
대구광역시 서구 평리로 146,Y,2,35.85854025,128.5403882
대구광역시 서구 평리로 395,Y,4,35.86727153,128.5653531
대구광역시 서구 평리로35길 10,Y,2,35.86083649,128.5435738
대구광역시 서구 평리로54길 16,Y,2,35.86088038,128.5527191
대구광역시 서구 평리로78길 8-12,Y,2,35.86548931,128.5651337
대구광역시 수성구 고산로 160-15(매호동),Y,2,35.84478308,128.707746
대구광역시 수성구 고산로 51,Y,2,35.83563518,128.7033769
대구광역시 수성구 고산로 51(노변동),Y,2,35.83563518,128.7033769
대구광역시 수성구 교학로 5길 55,Y,1,35.85091038,128.6528587
대구광역시 수성구 교학로12길 42(만촌동),Y,2,35.85090774,128.6501668
대구광역시 수성구 교학로4길 39(만촌동),Y,2,35.854779,128.6507608
대구광역시 수성구 교학로7길 16(만촌동),Y,2,35.851692,128.6529999
대구광역시 수성구 국채보상로 1000,Y,2,35.86486838,128.639886
대구광역시 수성구 국채보상로 1000(만촌동),Y,2,35.86486838,128.639886
대구광역시 수성구 국채보상로 955-2(만촌동),Y,2,35.86791183,128.6353033
대구광역시 수성구 국채보상로 990-10(범어동),Y,2,35.86539414,128.638346
대구광역시 수성구 국채보상로186길 121(범어동),Y,2,35.86301225,128.634311
대구광역시 수성구 국채보상로200길 9(만촌동),Y,2,35.86536904,128.640441
대구광역시 수성구 국채보상로214길 33(만촌동),Y,2,35.86669044,128.6479211
대구광역시 수성구 노변공원로 52(시지동),Y,2,35.83774591,128.6976275
대구광역시 수성구 노변공원로3길 10(노변동),Y,2,35.840338,128.699972
대구광역시 수성구 노변공원로7길 6-24(노변동),Y,2,35.8355498,128.6983293
대구광역시 수성구 노변로 101,Y,2,35.8405282,128.7005669
대구광역시 수성구 달구벌대로 2271-5(수성동4가),Y,2,35.860973,128.6108859
대구광역시 수성구 달구벌대로 3067(시지동),Y,2,35.84395474,128.693198
대구광역시 수성구 달구벌대로 625길 25,Y,1,35.84429531,128.6994139
대구광역시 수성구 달구벌대로489길 55,Y,2,35.8606616,128.6327724
대구광역시 수성구 달구벌대로489길 55(범어동),Y,2,35.860662,128.6327724
대구광역시 수성구 달구벌대로504길 20(범어동),Y,2,35.856896,128.638055
대구광역시 수성구 달구벌대로522길 166,Y,1,35.851327,128.644169
대구광역시 수성구 달구벌대로525길 6(만촌동),Y,2,35.857337,128.650121
대구광역시 수성구 달구벌대로528길 15(만촌동),Y,1,35.85437065,128.6468293
대구광역시 수성구 달구벌대로631길 17,Y,2,35.8437252,128.7031926
대구광역시 수성구 달구벌대로631길 17(매호동),Y,2,35.843725,128.7031926
대구광역시 수성구 달구벌대로647길 30(매호동),Y,2,35.841593,128.7121173
대구광역시 수성구 달구벌대로650길 26(신매동),Y,2,35.83634517,128.709212
대구광역시 수성구 달구벌대로650길 81(욱수동),Y,2,35.831299,128.708749
대구광역시 수성구 달구벌대로652길 16(신매동),Y,2,35.836605,128.7112817
대구광역시 수성구 달구벌대로652길 65-6(욱수동),Y,2,35.832271,128.710217
대구광역시 수성구 달구벌대로656길 46,Y,2,35.83405266,128.7150423
대구광역시 수성구 달구벌대로656길 46(신매동),Y,2,35.83405266,128.7150423
대구광역시 수성구 동대구로42길 29,Y,2,35.849169,128.6280729
대구광역시 수성구 동대구로42길 29(범어동),Y,2,35.849159,128.6280729
대구광역시 수성구 동대구로50길 108(범어동),Y,2,35.84938355,128.628768
대구광역시 수성구 동대구로57길 8,Y,2,35.8570927,128.624027
대구광역시 수성구 동대구로57길 8(범어동),Y,2,35.8570927,128.624038
대구광역시 수성구 동대구로6길 31(지산동),Y,2,35.83259685,128.6260882
대구광역시 수성구 동대구로7길 14-14(두산동),Y,2,35.834238,128.622789
대구광역시 수성구 들안로 19길 18(상동),Y,1,35.839158,128.615473
대구광역시 수성구 들안로 311(수성동2가),Y,2,35.8581009,128.6168809
대구광역시 수성구 들안로16길 58(두산동),Y,4,35.83886793,128.618451
대구광역시 수성구 들안로2안길 27-15(두산동),Y,2,35.832741,128.6192884
대구광역시 수성구 들안로32길 22(황금동),Y,4,35.84422116,128.618389
대구광역시 수성구 만촌로 103-2,Y,1,35.86772368,128.641451
대구광역시 수성구 만촌로 125,Y,2,35.87001293,128.6403507
대구광역시 수성구 만촌로 125(만촌동),Y,2,35.87001293,128.6403507
대구광역시 수성구 만촌로14길 11-2(만촌동),Y,2,35.865971,128.644057
대구광역시 수성구 명덕로76길 80-1(수성동1가),Y,2,35.851047,128.611237
대구광역시 수성구 무열로 56(만촌동),Y,2,35.863181,128.6517888
"대구광역시 수성구 무학로 187(지산동, 녹원맨션)",Y,2,35.83085496,128.6288147
대구광역시 수성구 무학로37안길 6(지산동),Y,2,35.834025,128.629108
대구광역시 수성구 범안로20길 8,Y,2,35.817659,128.647232
대구광역시 수성구 범안로20길 8(범물동),Y,2,35.817658,128.647227
대구광역시 수성구 범안로4길 22(범물동),Y,2,35.81631492,128.6388291
대구광역시 수성구 범어로 157(범어동),Y,2,35.863437,128.635247
대구광역시 수성구 범어로12길 6(범어동),Y,1,35.854309,128.636535
대구광역시 수성구 범어천로 61(범어동),Y,1,35.852364,128.623394
대구광역시 수성구 범어천로 90(범어동),Y,2,35.85579292,128.6233095
대구광역시 수성구 상록로16길 20,Y,2,35.86584544,128.6252838
대구광역시 수성구 상록로16길 20(범어동),Y,2,35.86584544,128.6252838
대구광역시 수성구 상화로 58(상동),Y,2,35.834646,128.613378
대구광역시 수성구 상화로5길 40(상동),Y,4,35.836837,128.610159
대구광역시 수성구 성동로 54(사월동),Y,1,35.839476,128.723982
대구광역시 수성구 세진로 28(범어동),Y,2,35.861883,128.638739
대구광역시 수성구 수성동3가 36(수성동3가),Y,1,35.857438,128.6208596
대구광역시 수성구 수성로 311(수성동1가),Y,2,35.85344576,128.6127129
"대구광역시 수성구 수성로 412(수성동4가, 수성보성타운)",Y,2,35.86201158,128.6144895
대구광역시 수성구 수성로32길 139(상동),Y,2,35.835277,128.612646
대구광역시 수성구 수성로75길 24(수성동1가),Y,2,35.857311,128.612566
"대구광역시 수성구 시지로 45(시지동, 청구전원아파트)",Y,1,35.84026789,128.6961805
대구광역시 수성구 신매로 20(신매동),Y,2,35.83137816,128.707699
"대구광역시 수성구 신매로 51(신매동, 시지천마타운)",Y,2,35.83447236,128.7060699
"대구광역시 수성구 신매로 91(신매동, 시지삼주한라협화타운)",Y,2,35.83749115,128.7069579
대구광역시 수성구 신천동로 86길 25,Y,2,35.8616999,128.6117861
대구광역시 수성구 신천동로34길 19(중동),Y,2,35.84040378,128.608955
대구광역시 수성구 신천동로62길 17(수성동1가),Y,2,35.852548,128.6099755
대구광역시 수성구 신천동로96길 45(수성동4가),Y,1,35.86477932,128.6161398
"대구광역시 수성구 용학로 272(범물동, 범물창신태성한라맨션)",Y,2,35.82049947,128.6393843
대구광역시 수성구 용학로30길 82(지산동),Y,2,35.82138507,128.6293957
대구광역시 수성구 용학로34길 8(지산동),Y,2,35.822097,128.6270903
대구광역시 수성구 용학로40길 57(지산동),Y,2,35.81853867,128.632493
"대구광역시 수성구 욱수천로 133(사월동, 시지2차사월보성타운)",Y,2,35.840293,128.7162017
대구광역시 수성구 유니버시아드로68길 16(욱수동),Y,2,35.827818,128.706672
대구광역시 수성구 지범로17길 3-14(지산동),Y,2,35.82695807,128.6301691
대구광역시 수성구 지범로31길 45(지산동),Y,2,35.82546519,128.6408054
대구광역시 수성구 지범로40길 11(범물동),Y,2,35.81849094,128.6426091
대구광역시 수성구 지범로41길 33(범물동),Y,2,35.82148442,128.6448572
대구광역시 수성구 지범로48길 27(범물동),Y,2,35.8144586,128.6438055
대구광역시 수성구 지산로 12(지산동),Y,2,35.822008,128.632722
대구광역시 수성구 지산로14길 29(지산동),Y,2,35.827079,128.635668
대구광역시 수성구 지산로3길 115(두산동),Y,2,35.82497799,128.626288
대구광역시 수성구 천을로 125(매호동),Y,2,35.844194,128.7042808
대구광역시 수성구 천을로 16(시지동),Y,2,35.844469,128.692702
대구광역시 수성구 천을로 199(매호동),Y,2,35.84211747,128.712181
대구광역시 수성구 천을로 31길 16,Y,2,35.84521248,128.709235
대구광역시 수성구 천을로31길 16(매호동),Y,2,35.84521248,128.709212
대구광역시 수성구 청수로 22-23(중동),Y,2,35.83976557,128.610697
대구광역시 수성구 청수로3길 61-15(중동),Y,1,35.844141,128.6098899
대구광역시 수성구 청수로45길 27,Y,2,35.8409043,128.6322828
대구광역시 수성구 청수로45길 27(황금동),Y,2,35.8409043,128.6322828
대구광역시 수성구 청호로 300,Y,2,35.84474548,128.6416364
대구광역시 수성구 청호로 46길 5-2,Y,1,35.83869544,128.6407496
대구광역시 수성구 청호로76길 12(범어동),Y,2,35.85220526,128.6393816
대구광역시 수성구 청호로92길 26(범어동),Y,2,35.855408,128.643261
대구광역시 수성구 파동로30길 61(파동),Y,2,35.821523,128.615549
대구광역시 수성구 파동로38길 45-3,Y,2,35.81906166,128.6145928
대구광역시 수성구 파동로51길 34(파동),Y,2,35.82468309,128.6077313
대구광역시 수성구 파동로51길 74(파동),Y,2,35.82268246,128.608831
대구광역시 수성구 파동로51길 80(파동),Y,2,35.82237562,128.6088487
대구광역시 수성구 효행로2길 111(만촌동),Y,4,35.874856,128.6524257
대구광역시 수성구 희망로 121(중동),Y,2,35.84762097,128.612134
대구광역시 중구 경상감영길 49,Y,2,35.87249623,128.5897066
대구광역시 중구 관덕정길 16,Y,6,35.8650401,128.590565
대구광역시 중구 국채보상로 728,Y,14,35.86808366,128.6095066
대구광역시 중구 국채보상로93길 9,Y,1,35.871007,128.580485
대구광역시 중구 남산로 70,Y,13,35.863204,128.5827598
대구광역시 중구 남산로2길 125,Y,2,35.85753902,128.589027
대구광역시 중구 남산로3안길 20,Y,6,35.860371,128.577492
대구광역시 중구 남산로4길 111,Y,4,35.86232188,128.5860582
대구광역시 중구 남산로4길 90,Y,9,35.86061485,128.5862146
대구광역시 중구 남산로7길 35,Y,5,35.85848306,128.5805841
대구광역시 중구 남산로7길 86,Y,9,35.860456,128.579243
대구광역시 중구 달구벌대로 2013,Y,3,35.8658472,128.58387
대구광역시 중구 달구벌대로 2016-40,Y,3,35.864469,128.584301
대구광역시 중구 달구벌대로 2150,Y,7,35.86358293,128.5980661
대구광역시 중구 달구벌대로447길 10,Y,12,35.863588,128.6078431
대구광역시 중구 달성로 15,Y,11,35.86607562,128.5815807
대구광역시 중구 달성로22길 30,Y,2,35.874296,128.583444
대구광역시 중구 동덕로26길 20,Y,11,35.864739,128.604646
대구광역시 중구 명륜로23길 80,Y,14,35.8640369,128.5953696
대구광역시 중구 서문로1가 경상감영길 49,Y,8,35.87249623,128.5897066
대구광역시 중구 종로 34,Y,1,35.868893,128.5918827
대구광역시 중구 중앙대로 375,Y,1,35.866686,128.593173
